Name	cols	rows	colsPerRow	equalities	nzEqualities	percEqualities	percNzEqualities	inequalities	nzInequalities	nz	density	bin	genInt	integer	continuous	percInteger	percBin	nUnbounded1	percUnbounded1	nUnbounded2	percUnbounded2	rPartitioning	rPercPartitioning	rPacking	rPercPacking	rPartPacking	rPercRowsPartPacking	rCovering	rPercCovering	rCardinality	rPercCardinality	rKnapsack	rPercKnapsack	rIntegerKnapsack	rPercIntegerKnapsack	rInvKnapsack	rPercInvKnapsack	rSingleton	rPercSingleton	rAggre	rPercAggre	rPrec	rPercPrec	rVarBnd	rPercVarBnd	rBinPacking	rPercBinPacking	rMixedBin	rPercMixedBin	rGenInt	rPercGenInt	rFlowBin	rPercFlowBin	rFlowMx	rPercFlowMx	rNzRowsPartitioning	rNzPercRowsPartitioning	rNzRowsPacking	rNzPercRowsPacking	rNzrowsPartPacking	rNzpercRowsPartPacking	rNzRowsCovering	rNzPercRowsCovering	rNzRowsCardinality	rNzPercRowsCardinality	rNzRowsKnapsack	rNzPercRowsKnapsack	rNzRowsIntegerKnapsack	rNzPercRowsIntegerKnapsack	rNzRowsInvKnapsack	rNzPercRowsInvKnapsack	rNzRowsSingleton	rNzPercRowsSingleton	rNzRowsAggr	rNzPercRowsAggr	rNzRowsPrec	rNzPercRowsPrec	rNzRowsVarBnd	rNzPercRowsVarBnd	rNzRowsBinPacking	rNzPercRowsBinPacking	rNzRowsMixedBin	rNzPercRowsMixedBin	rNzRowsGenInt	rNzPercRowsGenInt	rNzRowsFlowBin	rNzPercRowsFlowBin	rNzRowsFlowMx	rNzPercRowsFlowMx	aMin	aMax	aAvg	aStdDev	aRatioLSA	aAllInt	aPercInt	aDiffVal	anShortInts	apercShortInts	objMin	objMax	objAvg	objStdDev	objRatioLSA	objAllInt	objPercInt	objDiffVal	objnShortInts	objpercShortInts	rhsMin	rhsMax	rhsAvg	rhsStdDev	rhsRatioLSA	rhsAllInt	rhsPercInt	rhsDiffVal	rhsnShortInts	rhspercShortInts	rowNzMin	rowNzMax	rowNzAvg	rowNzStdDev	colNzMin	colNzMax	colNzAvg	colNzStdDev	rowsLess4Nz	rowsLess8Nz	rowsLess16Nz	rowsLess32Nz	rowsLess64Nz	rowsLess128Nz	rowsLess256Nz	rowsLess512Nz	rowsLess1024Nz	percRowsLess4Nz	percRowsLess8Nz	percRowsLess16Nz	percRowsLess32Nz	percRowsLess64Nz	percRowsLess128Nz	percRowsLess256Nz	percRowsLess512Nz	percRowsLess1024Nz	rowsLeast4Nz	rowsLeast8Nz	rowsLeast16Nz	rowsLeast32Nz	rowsLeast64Nz	rowsLeast128Nz	rowsLeast256Nz	rowsLeast512Nz	rowsLeast1024Nz	rowsLeast2048Nz	rowsLeast4096Nz	percRowsLeast4Nz	percRowsLeast8Nz	percRowsLeast16Nz	percRowsLeast32Nz	percRowsLeast64Nz	percRowsLeast128Nz	percRowsLeast256Nz	percRowsLeast512Nz	percRowsLeast1024Nz	percRowsLeast2048Nz	percRowsLeast4096Nz	colsLess4Nz	colsLess8Nz	colsLess16Nz	colsLess32Nz	colsLess64Nz	colsLess128Nz	colsLess256Nz	colsLess512Nz	colsLess1024Nz	percColsLess4Nz	percColsLess8Nz	percColsLess16Nz	percColsLess32Nz	percColsLess64Nz	percColsLess128Nz	percColsLess256Nz	percColsLess512Nz	percColsLess1024Nz	colsLeast4Nz	colsLeast8Nz	colsLeast16Nz	colsLeast32Nz	colsLeast64Nz	colsLeast128Nz	colsLeast256Nz	colsLeast512Nz	colsLeast1024Nz	colsLeast2048Nz	colsLeast4096Nz	percColsLeast4Nz	percColsLeast8Nz	perccolsLeast16Nz	perccolsLeast32Nz	perccolsLeast64Nz	perccolsLeast128Nz	perccolsLeast256Nz	perccolsLeast512Nz	perccolsLeast1024Nz	perccolsLeast2048Nz	perccolsLeast4096Nz
cvrp_asymmetric	63	85	0.741176470588235	21	196	0	54.9019607843137	64	161	357	6.66666666666667	56	0	56	7	88.8888888888889	88.8888888888889	7	11.1111111111111	0	0	14	16.4705882352941	0	0	0	0	0	0	0	0	0	0	0	0	1	1.17647058823529	14	16.4705882352941	0	0	0	0	7	8.23529411764706	0	0	63	74.1176470588235	0	0	7	0	0	0	98	27.4509803921569	0	0	98	27.4509803921569	0	0	0	0	0	0	0	0	7	1.96078431372549	14	3.92156862745098	0	0	0	0	14	3.92156862745098	0	0	154	43.1372549019608	0	0	98	27.4509803921569	0	0	-1	18	2.7843137254902	6.13032873599616	18	1	100	3	357	100	0	9999	2281.73095238095	4125.23603786237	245.615327929256	0	33.3333333333333	44	21	33.3333333333333	0	18	10.0705882352941	6.307396657509	18	1	100	6	85	100	1	14	4.2	3.47698314127433	2	15	0	6.6248689714506	63	78	85	85	85	85	85	85	85	74.1176470588235	91.7647058823529	100	100	100	100	100	100	100	22	7	0	0	0	0	0	0	0	0	0	25.8823529411765	8.23529411764706	0	0	0	0	0	0	0	0	0	14	56	63	63	63	63	63	63	63	22.2222222222222	88.8888888888889	100	100	100	100	100	100	100	56	7	0	0	0	0	0	0	0	0	0	88.8888888888889	11.1111111111111	0	0	0	0	0	0	0	0	0
cvrp_capacity_loose	168	205	0.819512195121951	36	576	0	55.8139534883721	169	456	1032	2.99651567944251	156	0	156	12	92.8571428571429	92.8571428571429	12	7.14285714285714	0	0	24	11.7073170731707	1	0.48780487804878	0	0	0	0	0	0	0	0	0	0	0	0	24	11.7073170731707	0	0	0	0	12	5.85365853658537	0	0	168	81.9512195121951	0	0	12	0	0	0	288	27.906976744186	12	1.16279069767442	300	29.0697674418605	0	0	0	0	0	0	0	0	0	0	24	2.32558139534884	0	0	0	0	24	2.32558139534884	0	0	444	43.0232558139535	0	0	288	27.906976744186	0	0	-1	76	10.906976744186	26.2269291338151	76	1	100	3	1032	100	0	9999	1462.21428571429	3485.19801675405	1999.8	1	100	45	168	100	0	76	53.8780487804878	29.1776686425125	76	1	100	17	205	100	1	24	5.03414634146341	5.66407634629274	2	25	0	8.10643483377778	168	168	193	205	205	205	205	205	205	81.9512195121951	81.9512195121951	94.1463414634146	100	100	100	100	100	100	37	37	12	0	0	0	0	0	0	0	0	18.0487804878049	18.0487804878049	5.85365853658537	0	0	0	0	0	0	0	0	24	156	156	168	168	168	168	168	168	14.2857142857143	92.8571428571429	92.8571428571429	100	100	100	100	100	100	156	12	12	0	0	0	0	0	0	0	0	92.8571428571429	7.14285714285714	7.14285714285714	0	0	0	0	0	0	0	0
cvrp_capacity_medium	168	205	0.819512195121951	36	576	0	55.8139534883721	169	456	1032	2.99651567944251	156	0	156	12	92.8571428571429	92.8571428571429	12	7.14285714285714	0	0	24	11.7073170731707	0	0	0	0	0	0	0	0	0	0	0	0	1	0.48780487804878	24	11.7073170731707	0	0	0	0	12	5.85365853658537	0	0	168	81.9512195121951	0	0	12	0	0	0	288	27.906976744186	0	0	288	27.906976744186	0	0	0	0	0	0	0	0	12	1.16279069767442	24	2.32558139534884	0	0	0	0	24	2.32558139534884	0	0	444	43.0232558139535	0	0	288	27.906976744186	0	0	-1	30	4.48837209302326	10.3100134054077	30	1	100	3	1032	100	0	9999	1462.21428571429	3485.19801675405	1999.8	1	100	45	168	100	0	30	18.8829268292683	9.81963941613635	30	1	100	17	205	100	1	24	5.03414634146341	5.66407634629274	2	25	0	8.10643483377778	168	168	193	205	205	205	205	205	205	81.9512195121951	81.9512195121951	94.1463414634146	100	100	100	100	100	100	37	37	12	0	0	0	0	0	0	0	0	18.0487804878049	18.0487804878049	5.85365853658537	0	0	0	0	0	0	0	0	24	156	156	168	168	168	168	168	168	14.2857142857143	92.8571428571429	92.8571428571429	100	100	100	100	100	100	156	12	12	0	0	0	0	0	0	0	0	92.8571428571429	7.14285714285714	7.14285714285714	0	0	0	0	0	0	0	0
cvrp_capacity_tight	168	205	0.819512195121951	36	576	0	55.8139534883721	169	456	1032	2.99651567944251	156	0	156	12	92.8571428571429	92.8571428571429	12	7.14285714285714	0	0	24	11.7073170731707	0	0	0	0	0	0	0	0	0	0	0	0	1	0.48780487804878	24	11.7073170731707	0	0	0	0	12	5.85365853658537	0	0	168	81.9512195121951	0	0	12	0	0	0	288	27.906976744186	0	0	288	27.906976744186	0	0	0	0	0	0	0	0	12	1.16279069767442	24	2.32558139534884	0	0	0	0	24	2.32558139534884	0	0	444	43.0232558139535	0	0	288	27.906976744186	0	0	-1	12	1.97674418604651	4.12867663967818	12	1	100	3	1032	100	0	9999	1462.21428571429	3485.19801675405	1999.8	1	100	45	168	100	0	12	5.20487804878049	3.3095538878144	12	1	100	11	205	100	1	24	5.03414634146341	5.66407634629274	2	25	0	8.10643483377778	168	168	193	205	205	205	205	205	205	81.9512195121951	81.9512195121951	94.1463414634146	100	100	100	100	100	100	37	37	12	0	0	0	0	0	0	0	0	18.0487804878049	18.0487804878049	5.85365853658537	0	0	0	0	0	0	0	0	24	156	156	168	168	168	168	168	168	14.2857142857143	92.8571428571429	92.8571428571429	100	100	100	100	100	100	156	12	12	0	0	0	0	0	0	0	0	92.8571428571429	7.14285714285714	7.14285714285714	0	0	0	0	0	0	0	0
cvrp_demand_outliers	120	151	0.794701986754967	30	400	0	55.5555555555556	121	320	720	3.97350993377483	110	0	110	10	91.6666666666667	91.6666666666667	10	8.33333333333333	0	0	20	13.2450331125828	0	0	0	0	0	0	0	0	0	0	0	0	1	0.662251655629139	20	13.2450331125828	0	0	0	0	10	6.62251655629139	0	0	120	79.4701986754967	0	0	10	0	0	0	200	27.7777777777778	0	0	200	27.7777777777778	0	0	0	0	0	0	0	0	10	1.38888888888889	20	2.77777777777778	0	0	0	0	20	2.77777777777778	0	0	310	43.0555555555556	0	0	200	27.7777777777778	0	0	-1	30	4.47222222222222	10.2888453922767	30	1	100	3	720	100	0	9999	1705.38333333333	3709.09084139526	714.214285714286	1	100	39	120	100	0	30	18.6092715231788	11.0255413946654	30	1	100	11	151	100	1	20	4.7682119205298	4.8397412615003	2	21	0	7.5608641481425	120	120	141	151	151	151	151	151	151	79.4701986754967	79.4701986754967	93.3774834437086	100	100	100	100	100	100	31	31	10	0	0	0	0	0	0	0	0	20.5298013245033	20.5298013245033	6.62251655629139	0	0	0	0	0	0	0	0	20	110	110	120	120	120	120	120	120	16.6666666666667	91.6666666666667	91.6666666666667	100	100	100	100	100	100	110	10	10	0	0	0	0	0	0	0	0	91.6666666666667	8.33333333333333	8.33333333333333	0	0	0	0	0	0	0	0
cvrp_demand_skewed	120	151	0.794701986754967	30	400	0	55.5555555555556	121	320	720	3.97350993377483	110	0	110	10	91.6666666666667	91.6666666666667	10	8.33333333333333	0	0	20	13.2450331125828	0	0	0	0	0	0	0	0	0	0	0	0	1	0.662251655629139	20	13.2450331125828	0	0	0	0	10	6.62251655629139	0	0	120	79.4701986754967	0	0	10	0	0	0	200	27.7777777777778	0	0	200	27.7777777777778	0	0	0	0	0	0	0	0	10	1.38888888888889	20	2.77777777777778	0	0	0	0	20	2.77777777777778	0	0	310	43.0555555555556	0	0	200	27.7777777777778	0	0	-1	25	3.77777777777778	8.56709178942277	25	1	100	3	720	100	0	9999	1705.38333333333	3709.09084139526	714.214285714286	1	100	39	120	100	0	25	15.682119205298	8.95268716249477	25	1	100	13	151	100	1	20	4.7682119205298	4.8397412615003	2	21	0	7.5608641481425	120	120	141	151	151	151	151	151	151	79.4701986754967	79.4701986754967	93.3774834437086	100	100	100	100	100	100	31	31	10	0	0	0	0	0	0	0	0	20.5298013245033	20.5298013245033	6.62251655629139	0	0	0	0	0	0	0	0	20	110	110	120	120	120	120	120	120	16.6666666666667	91.6666666666667	91.6666666666667	100	100	100	100	100	100	110	10	10	0	0	0	0	0	0	0	0	91.6666666666667	8.33333333333333	8.33333333333333	0	0	0	0	0	0	0	0
cvrp_demand_uniform	120	151	0.794701986754967	30	400	0	55.5555555555556	121	320	720	3.97350993377483	110	0	110	10	91.6666666666667	91.6666666666667	10	8.33333333333333	0	0	20	13.2450331125828	0	0	0	0	0	0	0	0	0	0	0	0	1	0.662251655629139	20	13.2450331125828	0	0	0	0	10	6.62251655629139	0	0	120	79.4701986754967	0	0	10	0	0	0	200	27.7777777777778	0	0	200	27.7777777777778	0	0	0	0	0	0	0	0	10	1.38888888888889	20	2.77777777777778	0	0	0	0	20	2.77777777777778	0	0	310	43.0555555555556	0	0	200	27.7777777777778	0	0	-1	30	4.47222222222222	10.2888453922767	30	1	100	3	720	100	0	9999	1705.38333333333	3709.09084139526	714.214285714286	1	100	39	120	100	0	30	19.0198675496689	10.6568823632576	30	1	100	6	151	100	1	20	4.7682119205298	4.8397412615003	2	21	0	7.5608641481425	120	120	141	151	151	151	151	151	151	79.4701986754967	79.4701986754967	93.3774834437086	100	100	100	100	100	100	31	31	10	0	0	0	0	0	0	0	0	20.5298013245033	20.5298013245033	6.62251655629139	0	0	0	0	0	0	0	0	20	110	110	120	120	120	120	120	120	16.6666666666667	91.6666666666667	91.6666666666667	100	100	100	100	100	100	110	10	10	0	0	0	0	0	0	0	0	91.6666666666667	8.33333333333333	8.33333333333333	0	0	0	0	0	0	0	0
cvrp_dense_uniform	80	105	0.761904761904762	24	256	0	55.1724137931034	81	208	464	5.52380952380952	72	0	72	8	90	90	8	10	0	0	16	15.2380952380952	0	0	0	0	0	0	0	0	0	0	0	0	1	0.952380952380952	16	15.2380952380952	0	0	0	0	8	7.61904761904762	0	0	80	76.1904761904762	0	0	8	0	0	0	128	27.5862068965517	0	0	128	27.5862068965517	0	0	0	0	0	0	0	0	8	1.72413793103448	16	3.44827586206897	0	0	0	0	16	3.44827586206897	0	0	200	43.1034482758621	0	0	128	27.5862068965517	0	0	-1	20	3.06896551724138	6.82758620689655	20	1	100	3	464	100	0	9999	2040.21925	3979.48193500698	680.667120490129	0	30	30	24	30	0	20	12.152380952381	7.43451532654211	20	1	100	9	105	100	1	16	4.41904761904762	3.94915531024029	2	17	0	6.95701085237043	80	97	105	105	105	105	105	105	105	76.1904761904762	92.3809523809524	100	100	100	100	100	100	100	25	25	8	0	0	0	0	0	0	0	0	23.8095238095238	23.8095238095238	7.61904761904762	0	0	0	0	0	0	0	0	16	72	72	80	80	80	80	80	80	20	90	90	100	100	100	100	100	100	72	8	8	0	0	0	0	0	0	0	0	90	10	10	0	0	0	0	0	0	0	0
cvrp_few_large	35	51	0.686274509803922	15	100	0	54.0540540540541	36	85	185	10.3641456582633	30	0	30	5	85.7142857142857	85.7142857142857	5	14.2857142857143	0	0	10	19.6078431372549	0	0	0	0	0	0	0	0	0	0	0	0	1	1.96078431372549	10	19.6078431372549	0	0	0	0	5	9.80392156862745	0	0	35	68.6274509803922	0	0	5	0	0	0	50	27.027027027027	0	0	50	27.027027027027	0	0	0	0	0	0	0	0	5	2.7027027027027	10	5.40540540540541	0	0	0	0	10	5.40540540540541	0	0	80	43.2432432432432	0	0	50	27.027027027027	0	0	-1	25	3.7027027027027	8.46252426996357	25	1	100	3	185	100	0	9999	2890.11428571429	4496.13440807881	434.739130434783	1	100	12	35	100	0	25	7.94117647058824	7.47390693616309	25	1	100	13	51	100	1	10	3.62745098039216	2.48099271966849	2	11	0	5.8675865079751	35	46	51	51	51	51	51	51	51	68.6274509803922	90.1960784313726	100	100	100	100	100	100	100	16	5	0	0	0	0	0	0	0	0	0	31.3725490196078	9.80392156862745	0	0	0	0	0	0	0	0	0	10	30	35	35	35	35	35	35	35	28.5714285714286	85.7142857142857	100	100	100	100	100	100	100	30	5	0	0	0	0	0	0	0	0	0	85.7142857142857	14.2857142857143	0	0	0	0	0	0	0	0	0
cvrp_geo_clustered	255	301	0.847176079734219	45	900	0	56.0747663551402	256	705	1605	2.09106898573383	240	0	240	15	94.1176470588235	94.1176470588235	15	5.88235294117647	0	0	30	9.96677740863787	0	0	0	0	0	0	0	0	0	0	0	0	1	0.332225913621262	30	9.96677740863787	0	0	0	0	15	4.98338870431894	0	0	255	84.7176079734219	0	0	15	0	0	0	450	28.0373831775701	0	0	450	28.0373831775701	0	0	0	0	0	0	0	0	15	0.934579439252336	30	1.86915887850467	0	0	0	0	30	1.86915887850467	0	0	690	42.9906542056075	0	0	450	28.0373831775701	0	0	-1	20	3.10280373831776	6.87802212854347	20	1	100	3	1605	100	0	9999	1201.34941176471	3212.48157709991	3773.20754716981	0	18.4313725490196	107	47	18.4313725490196	0	20	13.8704318936877	6.41270200380055	20	1	100	9	301	100	1	30	5.33222591362126	6.79475501469776	2	31	0	8.84839633193828	255	255	286	301	301	301	301	301	301	84.7176079734219	84.7176079734219	95.0166112956811	100	100	100	100	100	100	46	46	15	0	0	0	0	0	0	0	0	15.2823920265781	15.2823920265781	4.98338870431894	0	0	0	0	0	0	0	0	30	240	240	255	255	255	255	255	255	11.7647058823529	94.1176470588235	94.1176470588235	100	100	100	100	100	100	240	15	15	0	0	0	0	0	0	0	0	94.1176470588235	5.88235294117647	5.88235294117647	0	0	0	0	0	0	0	0
cvrp_geo_ring	168	205	0.819512195121951	36	576	0	55.8139534883721	169	456	1032	2.99651567944251	156	0	156	12	92.8571428571429	92.8571428571429	12	7.14285714285714	0	0	24	11.7073170731707	0	0	0	0	0	0	0	0	0	0	0	0	1	0.48780487804878	24	11.7073170731707	0	0	0	0	12	5.85365853658537	0	0	168	81.9512195121951	0	0	12	0	0	0	288	27.906976744186	0	0	288	27.906976744186	0	0	0	0	0	0	0	0	12	1.16279069767442	24	2.32558139534884	0	0	0	0	24	2.32558139534884	0	0	444	43.0232558139535	0	0	288	27.906976744186	0	0	-1	25	3.7906976744186	8.58489246193672	25	1	100	3	1032	100	0	9999	1484.05952380952	3476.33884229615	384.576923076923	1	100	36	168	100	0	25	17.219512195122	8.99840689185117	25	1	100	9	205	100	1	24	5.03414634146341	5.66407634629274	2	25	0	8.10643483377778	168	168	193	205	205	205	205	205	205	81.9512195121951	81.9512195121951	94.1463414634146	100	100	100	100	100	100	37	37	12	0	0	0	0	0	0	0	0	18.0487804878049	18.0487804878049	5.85365853658537	0	0	0	0	0	0	0	0	24	156	156	168	168	168	168	168	168	14.2857142857143	92.8571428571429	92.8571428571429	100	100	100	100	100	100	156	12	12	0	0	0	0	0	0	0	0	92.8571428571429	7.14285714285714	7.14285714285714	0	0	0	0	0	0	0	0
cvrp_high_utilization	168	205	0.819512195121951	36	576	0	55.8139534883721	169	456	1032	2.99651567944251	156	0	156	12	92.8571428571429	92.8571428571429	12	7.14285714285714	0	0	24	11.7073170731707	0	0	0	0	0	0	0	0	0	0	0	0	1	0.48780487804878	24	11.7073170731707	0	0	0	0	12	5.85365853658537	0	0	168	81.9512195121951	0	0	12	0	0	0	288	27.906976744186	0	0	288	27.906976744186	0	0	0	0	0	0	0	0	12	1.16279069767442	24	2.32558139534884	0	0	0	0	24	2.32558139534884	0	0	444	43.0232558139535	0	0	288	27.906976744186	0	0	-1	29	4.34883720930233	9.96478385378072	29	1	100	3	1032	100	0	9999	1470.46428571429	3481.84764664377	4999.5	1	100	45	168	100	0	29	17.6926829268293	8.92834320095833	29	1	100	10	205	100	1	24	5.03414634146341	5.66407634629274	2	25	0	8.10643483377778	168	168	193	205	205	205	205	205	205	81.9512195121951	81.9512195121951	94.1463414634146	100	100	100	100	100	100	37	37	12	0	0	0	0	0	0	0	0	18.0487804878049	18.0487804878049	5.85365853658537	0	0	0	0	0	0	0	0	24	156	156	168	168	168	168	168	168	14.2857142857143	92.8571428571429	92.8571428571429	100	100	100	100	100	100	156	12	12	0	0	0	0	0	0	0	0	92.8571428571429	7.14285714285714	7.14285714285714	0	0	0	0	0	0	0	0
cvrp_large_scale	120	151	0.794701986754967	30	400	0	55.5555555555556	121	320	720	3.97350993377483	110	0	110	10	91.6666666666667	91.6666666666667	10	8.33333333333333	0	0	20	13.2450331125828	0	0	0	0	0	0	0	0	0	0	0	0	1	0.662251655629139	20	13.2450331125828	0	0	0	0	10	6.62251655629139	0	0	120	79.4701986754967	0	0	10	0	0	0	200	27.7777777777778	0	0	200	27.7777777777778	0	0	0	0	0	0	0	0	10	1.38888888888889	20	2.77777777777778	0	0	0	0	20	2.77777777777778	0	0	310	43.0555555555556	0	0	200	27.7777777777778	0	0	-1	25	3.77777777777778	8.56709178942277	25	1	100	3	720	100	0	9999	1784.1945	3674.86345783007	517.814603832211	0	25	47	30	25	0	25	15.205298013245	8.88954880133523	25	1	100	15	151	100	1	20	4.7682119205298	4.8397412615003	2	21	0	7.5608641481425	120	120	141	151	151	151	151	151	151	79.4701986754967	79.4701986754967	93.3774834437086	100	100	100	100	100	100	31	31	10	0	0	0	0	0	0	0	0	20.5298013245033	20.5298013245033	6.62251655629139	0	0	0	0	0	0	0	0	20	110	110	120	120	120	120	120	120	16.6666666666667	91.6666666666667	91.6666666666667	100	100	100	100	100	100	110	10	10	0	0	0	0	0	0	0	0	91.6666666666667	8.33333333333333	8.33333333333333	0	0	0	0	0	0	0	0
cvrp_loose	24	37	0.648648648648649	12	64	0	53.3333333333333	25	56	120	13.5135135135135	20	0	20	4	83.3333333333333	83.3333333333333	4	16.6666666666667	0	0	8	21.6216216216216	1	2.7027027027027	0	0	0	0	0	0	0	0	0	0	0	0	8	21.6216216216216	0	0	0	0	4	10.8108108108108	0	0	24	64.8648648648649	0	0	4	0	0	0	32	26.6666666666667	4	3.33333333333333	36	30	0	0	0	0	0	0	0	0	0	0	8	6.66666666666667	0	0	0	0	8	6.66666666666667	0	0	52	43.3333333333333	0	0	32	26.6666666666667	0	0	-1	20	3	6.72309452558864	20	1	100	3	120	100	0	30	16.6666666666667	8.74007373475126	2	1	100	5	24	100	0	20	9.59459459459459	7.62804023380969	20	1	100	11	37	100	1	8	3.24324324324324	1.96462506436608	2	9	0	5.41602560309064	33	37	37	37	37	37	37	37	37	89.1891891891892	100	100	100	100	100	100	100	100	13	4	0	0	0	0	0	0	0	0	0	35.1351351351351	10.8108108108108	0	0	0	0	0	0	0	0	0	8	20	24	24	24	24	24	24	24	33.3333333333333	83.3333333333333	100	100	100	100	100	100	100	20	4	0	0	0	0	0	0	0	0	0	83.3333333333333	16.6666666666667	0	0	0	0	0	0	0	0	0
cvrp_many_small	255	301	0.847176079734219	45	900	0	56.0747663551402	256	705	1605	2.09106898573383	240	0	240	15	94.1176470588235	94.1176470588235	15	5.88235294117647	0	0	30	9.96677740863787	0	0	0	0	0	0	0	0	0	0	0	0	1	0.332225913621262	30	9.96677740863787	0	0	0	0	15	4.98338870431894	0	0	255	84.7176079734219	0	0	15	0	0	0	450	28.0373831775701	0	0	450	28.0373831775701	0	0	0	0	0	0	0	0	15	0.934579439252336	30	1.86915887850467	0	0	0	0	30	1.86915887850467	0	0	690	42.9906542056075	0	0	450	28.0373831775701	0	0	-1	20	3.10280373831776	6.87802212854347	20	1	100	3	1605	100	0	9999	1202.68047058824	3212.01135891256	1875.98499061914	0	18.4313725490196	106	47	18.4313725490196	0	20	14.6578073089701	6.89834930248409	20	1	100	5	301	100	1	30	5.33222591362126	6.79475501469776	2	31	0	8.84839633193828	255	255	286	301	301	301	301	301	301	84.7176079734219	84.7176079734219	95.0166112956811	100	100	100	100	100	100	46	46	15	0	0	0	0	0	0	0	0	15.2823920265781	15.2823920265781	4.98338870431894	0	0	0	0	0	0	0	0	30	240	240	255	255	255	255	255	255	11.7647058823529	94.1176470588235	94.1176470588235	100	100	100	100	100	100	240	15	15	0	0	0	0	0	0	0	0	94.1176470588235	5.88235294117647	5.88235294117647	0	0	0	0	0	0	0	0
cvrp_medium	120	151	0.794701986754967	30	400	0	55.5555555555556	121	320	720	3.97350993377483	110	0	110	10	91.6666666666667	91.6666666666667	10	8.33333333333333	0	0	20	13.2450331125828	0	0	0	0	0	0	0	0	0	0	0	0	1	0.662251655629139	20	13.2450331125828	0	0	0	0	10	6.62251655629139	0	0	120	79.4701986754967	0	0	10	0	0	0	200	27.7777777777778	0	0	200	27.7777777777778	0	0	0	0	0	0	0	0	10	1.38888888888889	20	2.77777777777778	0	0	0	0	20	2.77777777777778	0	0	310	43.0555555555556	0	0	200	27.7777777777778	0	0	-1	15	2.38888888888889	5.13851349980267	15	1	100	3	720	100	0	60	27.5	14.3614066163451	4	1	100	11	120	100	0	15	8.6953642384106	4.87185915460384	15	1	100	11	151	100	1	20	4.7682119205298	4.8397412615003	2	21	0	7.5608641481425	120	120	141	151	151	151	151	151	151	79.4701986754967	79.4701986754967	93.3774834437086	100	100	100	100	100	100	31	31	10	0	0	0	0	0	0	0	0	20.5298013245033	20.5298013245033	6.62251655629139	0	0	0	0	0	0	0	0	20	110	110	120	120	120	120	120	120	16.6666666666667	91.6666666666667	91.6666666666667	100	100	100	100	100	100	110	10	10	0	0	0	0	0	0	0	0	91.6666666666667	8.33333333333333	8.33333333333333	0	0	0	0	0	0	0	0
cvrp_medium_scale	80	105	0.761904761904762	24	256	0	55.1724137931034	81	208	464	5.52380952380952	72	0	72	8	90	90	8	10	0	0	16	15.2380952380952	0	0	0	0	0	0	0	0	0	0	0	0	1	0.952380952380952	16	15.2380952380952	0	0	0	0	8	7.61904761904762	0	0	80	76.1904761904762	0	0	8	0	0	0	128	27.5862068965517	0	0	128	27.5862068965517	0	0	0	0	0	0	0	0	8	1.72413793103448	16	3.44827586206897	0	0	0	0	16	3.44827586206897	0	0	200	43.1034482758621	0	0	128	27.5862068965517	0	0	-1	20	3.06896551724138	6.82758620689655	20	1	100	3	464	100	0	9999	2027.39075	3985.83814568491	399.96	0	65	7	52	65	0	20	11.8857142857143	7.20358943029599	20	1	100	10	105	100	1	16	4.41904761904762	3.94915531024029	2	17	0	6.95701085237043	80	97	105	105	105	105	105	105	105	76.1904761904762	92.3809523809524	100	100	100	100	100	100	100	25	25	8	0	0	0	0	0	0	0	0	23.8095238095238	23.8095238095238	7.61904761904762	0	0	0	0	0	0	0	0	16	72	72	80	80	80	80	80	80	20	90	90	100	100	100	100	100	100	72	8	8	0	0	0	0	0	0	0	0	90	10	10	0	0	0	0	0	0	0	0
cvrp_search_n10_k2_skewed_uniform_b	120	151	0.794701986754967	30	400	0	55.5555555555556	121	320	720	3.97350993377483	110	0	110	10	91.6666666666667	91.6666666666667	10	8.33333333333333	0	0	20	13.2450331125828	0	0	0	0	0	0	0	0	0	0	0	0	1	0.662251655629139	20	13.2450331125828	0	0	0	0	10	6.62251655629139	0	0	120	79.4701986754967	0	0	10	0	0	0	200	27.7777777777778	0	0	200	27.7777777777778	0	0	0	0	0	0	0	0	10	1.38888888888889	20	2.77777777777778	0	0	0	0	20	2.77777777777778	0	0	310	43.0555555555556	0	0	200	27.7777777777778	0	0	-1	30	4.47222222222222	10.2888453922767	30	1	100	3	720	100	0	125.84	57.3896666666667	31.0079364016519	14.4976958525346	0	8.33333333333333	56	10	8.33333333333333	0	30	18.9006622516556	10.9300939247477	30	1	100	13	151	100	1	20	4.7682119205298	4.8397412615003	2	21	0	7.5608641481425	120	120	141	151	151	151	151	151	151	79.4701986754967	79.4701986754967	93.3774834437086	100	100	100	100	100	100	31	31	10	0	0	0	0	0	0	0	0	20.5298013245033	20.5298013245033	6.62251655629139	0	0	0	0	0	0	0	0	20	110	110	120	120	120	120	120	120	16.6666666666667	91.6666666666667	91.6666666666667	100	100	100	100	100	100	110	10	10	0	0	0	0	0	0	0	0	91.6666666666667	8.33333333333333	8.33333333333333	0	0	0	0	0	0	0	0
cvrp_search_n10_k2_uniform_clustered_b	120	151	0.794701986754967	30	400	0	55.5555555555556	121	320	720	3.97350993377483	110	0	110	10	91.6666666666667	91.6666666666667	10	8.33333333333333	0	0	20	13.2450331125828	0	0	0	0	0	0	0	0	0	0	0	0	1	0.662251655629139	20	13.2450331125828	0	0	0	0	10	6.62251655629139	0	0	120	79.4701986754967	0	0	10	0	0	0	200	27.7777777777778	0	0	200	27.7777777777778	0	0	0	0	0	0	0	0	10	1.38888888888889	20	2.77777777777778	0	0	0	0	20	2.77777777777778	0	0	310	43.0555555555556	0	0	200	27.7777777777778	0	0	-1	26	3.91666666666667	8.91121328564311	26	1	100	3	720	100	0	42.93	17.9683333333333	10.2362900451721	28.0588235294118	0	10	56	12	10	0	26	16.4039735099338	9.1370570768595	26	1	100	8	151	100	1	20	4.7682119205298	4.8397412615003	2	21	0	7.5608641481425	120	120	141	151	151	151	151	151	151	79.4701986754967	79.4701986754967	93.3774834437086	100	100	100	100	100	100	31	31	10	0	0	0	0	0	0	0	0	20.5298013245033	20.5298013245033	6.62251655629139	0	0	0	0	0	0	0	0	20	110	110	120	120	120	120	120	120	16.6666666666667	91.6666666666667	91.6666666666667	100	100	100	100	100	100	110	10	10	0	0	0	0	0	0	0	0	91.6666666666667	8.33333333333333	8.33333333333333	0	0	0	0	0	0	0	0
cvrp_search_n10_k2_uniform_clustered	120	151	0.794701986754967	30	400	0	55.5555555555556	121	320	720	3.97350993377483	110	0	110	10	91.6666666666667	91.6666666666667	10	8.33333333333333	0	0	20	13.2450331125828	0	0	0	0	0	0	0	0	0	0	0	0	1	0.662251655629139	20	13.2450331125828	0	0	0	0	10	6.62251655629139	0	0	120	79.4701986754967	0	0	10	0	0	0	200	27.7777777777778	0	0	200	27.7777777777778	0	0	0	0	0	0	0	0	10	1.38888888888889	20	2.77777777777778	0	0	0	0	20	2.77777777777778	0	0	310	43.0555555555556	0	0	200	27.7777777777778	0	0	-1	24	3.63888888888889	8.22311369041144	24	1	100	3	720	100	0	60.1	25.3101666666667	15.2122948621246	12.4948024948025	0	10	56	12	10	0	24	14.8278145695364	8.19607529191753	24	1	100	10	151	100	1	20	4.7682119205298	4.8397412615003	2	21	0	7.5608641481425	120	120	141	151	151	151	151	151	151	79.4701986754967	79.4701986754967	93.3774834437086	100	100	100	100	100	100	31	31	10	0	0	0	0	0	0	0	0	20.5298013245033	20.5298013245033	6.62251655629139	0	0	0	0	0	0	0	0	20	110	110	120	120	120	120	120	120	16.6666666666667	91.6666666666667	91.6666666666667	100	100	100	100	100	100	110	10	10	0	0	0	0	0	0	0	0	91.6666666666667	8.33333333333333	8.33333333333333	0	0	0	0	0	0	0	0
cvrp_search_n10_k2_varied_uniform	120	151	0.794701986754967	30	400	0	55.5555555555556	121	320	720	3.97350993377483	110	0	110	10	91.6666666666667	91.6666666666667	10	8.33333333333333	0	0	20	13.2450331125828	0	0	0	0	0	0	0	0	0	0	0	0	1	0.662251655629139	20	13.2450331125828	0	0	0	0	10	6.62251655629139	0	0	120	79.4701986754967	0	0	10	0	0	0	200	27.7777777777778	0	0	200	27.7777777777778	0	0	0	0	0	0	0	0	10	1.38888888888889	20	2.77777777777778	0	0	0	0	20	2.77777777777778	0	0	310	43.0555555555556	0	0	200	27.7777777777778	0	0	-1	32	4.75	10.9781980913688	32	1	100	3	720	100	0	92.55	48.7605	25.4731191929192	12.7479338842975	0	13.3333333333333	56	16	13.3333333333333	0	32	20.5364238410596	11.7612985466095	32	1	100	17	151	100	1	20	4.7682119205298	4.8397412615003	2	21	0	7.5608641481425	120	120	141	151	151	151	151	151	151	79.4701986754967	79.4701986754967	93.3774834437086	100	100	100	100	100	100	31	31	10	0	0	0	0	0	0	0	0	20.5298013245033	20.5298013245033	6.62251655629139	0	0	0	0	0	0	0	0	20	110	110	120	120	120	120	120	120	16.6666666666667	91.6666666666667	91.6666666666667	100	100	100	100	100	100	110	10	10	0	0	0	0	0	0	0	0	91.6666666666667	8.33333333333333	8.33333333333333	0	0	0	0	0	0	0	0
cvrp_search_n10_k3_skewed_uniform	120	151	0.794701986754967	30	400	0	55.5555555555556	121	320	720	3.97350993377483	110	0	110	10	91.6666666666667	91.6666666666667	10	8.33333333333333	0	0	20	13.2450331125828	0	0	0	0	0	0	0	0	0	0	0	0	1	0.662251655629139	20	13.2450331125828	0	0	0	0	10	6.62251655629139	0	0	120	79.4701986754967	0	0	10	0	0	0	200	27.7777777777778	0	0	200	27.7777777777778	0	0	0	0	0	0	0	0	10	1.38888888888889	20	2.77777777777778	0	0	0	0	20	2.77777777777778	0	0	310	43.0555555555556	0	0	200	27.7777777777778	0	0	-1	24	3.63888888888889	8.22311369041144	24	1	100	3	720	100	0	92.55	48.7605	25.4731191929192	12.7479338842975	0	13.3333333333333	56	16	13.3333333333333	0	24	13.9403973509934	8.21985303689016	24	1	100	14	151	100	1	20	4.7682119205298	4.8397412615003	2	21	0	7.5608641481425	120	120	141	151	151	151	151	151	151	79.4701986754967	79.4701986754967	93.3774834437086	100	100	100	100	100	100	31	31	10	0	0	0	0	0	0	0	0	20.5298013245033	20.5298013245033	6.62251655629139	0	0	0	0	0	0	0	0	20	110	110	120	120	120	120	120	120	16.6666666666667	91.6666666666667	91.6666666666667	100	100	100	100	100	100	110	10	10	0	0	0	0	0	0	0	0	91.6666666666667	8.33333333333333	8.33333333333333	0	0	0	0	0	0	0	0
cvrp_search_n10_k3_uniform_uniform	120	151	0.794701986754967	30	400	0	55.5555555555556	121	320	720	3.97350993377483	110	0	110	10	91.6666666666667	91.6666666666667	10	8.33333333333333	0	0	20	13.2450331125828	0	0	0	0	0	0	0	0	0	0	0	0	1	0.662251655629139	20	13.2450331125828	0	0	0	0	10	6.62251655629139	0	0	120	79.4701986754967	0	0	10	0	0	0	200	27.7777777777778	0	0	200	27.7777777777778	0	0	0	0	0	0	0	0	10	1.38888888888889	20	2.77777777777778	0	0	0	0	20	2.77777777777778	0	0	310	43.0555555555556	0	0	200	27.7777777777778	0	0	-1	18	2.80555555555556	6.16360033874703	18	1	100	3	720	100	0	92.55	48.7605	25.4731191929192	12.7479338842975	0	13.3333333333333	56	16	13.3333333333333	0	18	10.4635761589404	5.6001121493466	18	1	100	10	151	100	1	20	4.7682119205298	4.8397412615003	2	21	0	7.5608641481425	120	120	141	151	151	151	151	151	151	79.4701986754967	79.4701986754967	93.3774834437086	100	100	100	100	100	100	31	31	10	0	0	0	0	0	0	0	0	20.5298013245033	20.5298013245033	6.62251655629139	0	0	0	0	0	0	0	0	20	110	110	120	120	120	120	120	120	16.6666666666667	91.6666666666667	91.6666666666667	100	100	100	100	100	100	110	10	10	0	0	0	0	0	0	0	0	91.6666666666667	8.33333333333333	8.33333333333333	0	0	0	0	0	0	0	0
cvrp_search_n12_k2_skewed_clustered	168	205	0.819512195121951	36	576	0	55.8139534883721	169	456	1032	2.99651567944251	156	0	156	12	92.8571428571429	92.8571428571429	12	7.14285714285714	0	0	24	11.7073170731707	0	0	0	0	0	0	0	0	0	0	0	0	1	0.48780487804878	24	11.7073170731707	0	0	0	0	12	5.85365853658537	0	0	168	81.9512195121951	0	0	12	0	0	0	288	27.906976744186	0	0	288	27.906976744186	0	0	0	0	0	0	0	0	12	1.16279069767442	24	2.32558139534884	0	0	0	0	24	2.32558139534884	0	0	444	43.0232558139535	0	0	288	27.906976744186	0	0	-1	38	5.6046511627907	13.0742771330858	38	1	100	3	1032	100	0	64.53	27.3747619047619	15.2801896706776	13.4158004158004	0	8.33333333333333	79	14	8.33333333333333	0	38	25.5024390243902	13.7701070333421	38	1	100	15	205	100	1	24	5.03414634146341	5.66407634629274	2	25	0	8.10643483377778	168	168	193	205	205	205	205	205	205	81.9512195121951	81.9512195121951	94.1463414634146	100	100	100	100	100	100	37	37	12	0	0	0	0	0	0	0	0	18.0487804878049	18.0487804878049	5.85365853658537	0	0	0	0	0	0	0	0	24	156	156	168	168	168	168	168	168	14.2857142857143	92.8571428571429	92.8571428571429	100	100	100	100	100	100	156	12	12	0	0	0	0	0	0	0	0	92.8571428571429	7.14285714285714	7.14285714285714	0	0	0	0	0	0	0	0
cvrp_search_n12_k2_varied_uniform_b	168	205	0.819512195121951	36	576	0	55.8139534883721	169	456	1032	2.99651567944251	156	0	156	12	92.8571428571429	92.8571428571429	12	7.14285714285714	0	0	24	11.7073170731707	0	0	0	0	0	0	0	0	0	0	0	0	1	0.48780487804878	24	11.7073170731707	0	0	0	0	12	5.85365853658537	0	0	168	81.9512195121951	0	0	12	0	0	0	288	27.906976744186	0	0	288	27.906976744186	0	0	0	0	0	0	0	0	12	1.16279069767442	24	2.32558139534884	0	0	0	0	24	2.32558139534884	0	0	444	43.0232558139535	0	0	288	27.906976744186	0	0	-1	30	4.48837209302326	10.3100134054077	30	1	100	3	1032	100	0	94.08	48.2640476190476	24.63573455268	12.9586776859504	0	11.9047619047619	78	20	11.9047619047619	0	30	20.1121951219512	10.6634592639594	30	1	100	17	205	100	1	24	5.03414634146341	5.66407634629274	2	25	0	8.10643483377778	168	168	193	205	205	205	205	205	205	81.9512195121951	81.9512195121951	94.1463414634146	100	100	100	100	100	100	37	37	12	0	0	0	0	0	0	0	0	18.0487804878049	18.0487804878049	5.85365853658537	0	0	0	0	0	0	0	0	24	156	156	168	168	168	168	168	168	14.2857142857143	92.8571428571429	92.8571428571429	100	100	100	100	100	100	156	12	12	0	0	0	0	0	0	0	0	92.8571428571429	7.14285714285714	7.14285714285714	0	0	0	0	0	0	0	0
cvrp_search_n12_k2_varied_uniform	168	205	0.819512195121951	36	576	0	55.8139534883721	169	456	1032	2.99651567944251	156	0	156	12	92.8571428571429	92.8571428571429	12	7.14285714285714	0	0	24	11.7073170731707	0	0	0	0	0	0	0	0	0	0	0	0	1	0.48780487804878	24	11.7073170731707	0	0	0	0	12	5.85365853658537	0	0	168	81.9512195121951	0	0	12	0	0	0	288	27.906976744186	0	0	288	27.906976744186	0	0	0	0	0	0	0	0	12	1.16279069767442	24	2.32558139534884	0	0	0	0	24	2.32558139534884	0	0	444	43.0232558139535	0	0	288	27.906976744186	0	0	-1	34	5.04651162790698	11.6916855537204	34	1	100	3	1032	100	0	94.08	48.2640476190476	24.63573455268	12.9586776859504	0	11.9047619047619	78	20	11.9047619047619	0	34	23.1560975609756	12.3286311383941	34	1	100	17	205	100	1	24	5.03414634146341	5.66407634629274	2	25	0	8.10643483377778	168	168	193	205	205	205	205	205	205	81.9512195121951	81.9512195121951	94.1463414634146	100	100	100	100	100	100	37	37	12	0	0	0	0	0	0	0	0	18.0487804878049	18.0487804878049	5.85365853658537	0	0	0	0	0	0	0	0	24	156	156	168	168	168	168	168	168	14.2857142857143	92.8571428571429	92.8571428571429	100	100	100	100	100	100	156	12	12	0	0	0	0	0	0	0	0	92.8571428571429	7.14285714285714	7.14285714285714	0	0	0	0	0	0	0	0
cvrp_search_n12_k3_uniform_clustered	168	205	0.819512195121951	36	576	0	55.8139534883721	169	456	1032	2.99651567944251	156	0	156	12	92.8571428571429	92.8571428571429	12	7.14285714285714	0	0	24	11.7073170731707	0	0	0	0	0	0	0	0	0	0	0	0	1	0.48780487804878	24	11.7073170731707	0	0	0	0	12	5.85365853658537	0	0	168	81.9512195121951	0	0	12	0	0	0	288	27.906976744186	0	0	288	27.906976744186	0	0	0	0	0	0	0	0	12	1.16279069767442	24	2.32558139534884	0	0	0	0	24	2.32558139534884	0	0	444	43.0232558139535	0	0	288	27.906976744186	0	0	-1	23	3.51162790697674	7.89575126556006	23	1	100	3	1032	100	0	64.53	27.3747619047619	15.2801896706776	13.4158004158004	0	8.33333333333333	79	14	8.33333333333333	0	23	14.4682926829268	7.32154985006724	23	1	100	10	205	100	1	24	5.03414634146341	5.66407634629274	2	25	0	8.10643483377778	168	168	193	205	205	205	205	205	205	81.9512195121951	81.9512195121951	94.1463414634146	100	100	100	100	100	100	37	37	12	0	0	0	0	0	0	0	0	18.0487804878049	18.0487804878049	5.85365853658537	0	0	0	0	0	0	0	0	24	156	156	168	168	168	168	168	168	14.2857142857143	92.8571428571429	92.8571428571429	100	100	100	100	100	100	156	12	12	0	0	0	0	0	0	0	0	92.8571428571429	7.14285714285714	7.14285714285714	0	0	0	0	0	0	0	0
cvrp_search_n14_k2_uniform_clustered	224	267	0.838951310861423	42	784	0	56	225	616	1400	2.34082397003745	210	0	210	14	93.75	93.75	14	6.25	0	0	28	10.4868913857678	0	0	0	0	0	0	0	0	0	0	0	0	1	0.374531835205993	28	10.4868913857678	0	0	0	0	14	5.2434456928839	0	0	224	83.8951310861423	0	0	14	0	0	0	392	28	0	0	392	28	0	0	0	0	0	0	0	0	14	1	28	2	0	0	0	0	28	2	0	0	602	43	0	0	392	28	0	0	-1	45	6.6	15.5177317930167	45	1	100	3	1400	100	0	64.53	28.0071428571429	14.8392330152064	13.4158004158004	0	7.14285714285714	106	16	7.14285714285714	0	45	32.1460674157303	15.9267169325676	45	1	100	10	267	100	1	28	5.2434456928839	6.43060799717592	2	29	0	8.60958767886128	224	224	253	267	267	267	267	267	267	83.8951310861423	83.8951310861423	94.7565543071161	100	100	100	100	100	100	43	43	14	0	0	0	0	0	0	0	0	16.1048689138577	16.1048689138577	5.2434456928839	0	0	0	0	0	0	0	0	28	210	210	224	224	224	224	224	224	12.5	93.75	93.75	100	100	100	100	100	100	210	14	14	0	0	0	0	0	0	0	0	93.75	6.25	6.25	0	0	0	0	0	0	0	0
cvrp_search_n14_k2_varied_clustered	224	267	0.838951310861423	42	784	0	56	225	616	1400	2.34082397003745	210	0	210	14	93.75	93.75	14	6.25	0	0	28	10.4868913857678	0	0	0	0	0	0	0	0	0	0	0	0	1	0.374531835205993	28	10.4868913857678	0	0	0	0	14	5.2434456928839	0	0	224	83.8951310861423	0	0	14	0	0	0	392	28	0	0	392	28	0	0	0	0	0	0	0	0	14	1	28	2	0	0	0	0	28	2	0	0	602	43	0	0	392	28	0	0	-1	35	5.2	12.0548745327357	35	1	100	3	1400	100	0	64.53	28.0071428571429	14.8392330152064	13.4158004158004	0	7.14285714285714	106	16	7.14285714285714	0	35	24.6704119850187	12.2524928679109	35	1	100	17	267	100	1	28	5.2434456928839	6.43060799717592	2	29	0	8.60958767886128	224	224	253	267	267	267	267	267	267	83.8951310861423	83.8951310861423	94.7565543071161	100	100	100	100	100	100	43	43	14	0	0	0	0	0	0	0	0	16.1048689138577	16.1048689138577	5.2434456928839	0	0	0	0	0	0	0	0	28	210	210	224	224	224	224	224	224	12.5	93.75	93.75	100	100	100	100	100	100	210	14	14	0	0	0	0	0	0	0	0	93.75	6.25	6.25	0	0	0	0	0	0	0	0
cvrp_size_small	48	67	0.716417910447761	18	144	0	54.5454545454545	49	120	264	8.2089552238806	42	0	42	6	87.5	87.5	6	12.5	0	0	12	17.910447761194	1	1.49253731343284	0	0	0	0	0	0	0	0	0	0	0	0	12	17.910447761194	0	0	0	0	6	8.95522388059701	0	0	48	71.6417910447761	0	0	6	0	0	0	72	27.2727272727273	6	2.27272727272727	78	29.5454545454545	0	0	0	0	0	0	0	0	0	0	12	4.54545454545455	0	0	0	0	12	4.54545454545455	0	0	114	43.1818181818182	0	0	72	27.2727272727273	0	0	-1	20	3.04545454545455	6.79222331204306	20	1	100	3	264	100	0	9999	2533.125	4310.50240026709	1666.5	1	100	16	48	100	0	20	11.3880597014925	7.90041605532152	20	1	100	5	67	100	1	12	3.94029850746269	2.98693971584918	2	13	0	6.26498204307083	48	61	67	67	67	67	67	67	67	71.6417910447761	91.044776119403	100	100	100	100	100	100	100	19	6	0	0	0	0	0	0	0	0	0	28.3582089552239	8.95522388059701	0	0	0	0	0	0	0	0	0	12	42	48	48	48	48	48	48	48	25	87.5	100	100	100	100	100	100	100	42	6	0	0	0	0	0	0	0	0	0	87.5	12.5	0	0	0	0	0	0	0	0	0
cvrp_small_scale	35	51	0.686274509803922	15	100	0	54.0540540540541	36	85	185	10.3641456582633	30	0	30	5	85.7142857142857	85.7142857142857	5	14.2857142857143	0	0	10	19.6078431372549	1	1.96078431372549	0	0	0	0	0	0	0	0	0	0	0	0	10	19.6078431372549	0	0	0	0	5	9.80392156862745	0	0	35	68.6274509803922	0	0	5	0	0	0	50	27.027027027027	5	2.7027027027027	55	29.7297297297297	0	0	0	0	0	0	0	0	0	0	10	5.40540540540541	0	0	0	0	10	5.40540540540541	0	0	80	43.2432432432432	0	0	50	27.027027027027	0	0	-1	20	3.02702702702703	6.76432009122623	20	1	100	3	185	100	0	9999	2859.82285714286	4515.21266704243	3703.33333333333	0	42.8571428571429	12	15	42.8571428571429	0	20	10.6470588235294	7.93063934176109	20	1	100	11	51	100	1	10	3.62745098039216	2.48099271966849	2	11	0	5.8675865079751	35	46	51	51	51	51	51	51	51	68.6274509803922	90.1960784313726	100	100	100	100	100	100	100	16	5	0	0	0	0	0	0	0	0	0	31.3725490196078	9.80392156862745	0	0	0	0	0	0	0	0	0	10	30	35	35	35	35	35	35	35	28.5714285714286	85.7142857142857	100	100	100	100	100	100	100	30	5	0	0	0	0	0	0	0	0	0	85.7142857142857	14.2857142857143	0	0	0	0	0	0	0	0	0
cvrp_sparse_grid	99	127	0.779527559055118	27	324	0	55.3846153846154	100	261	585	4.65282748747316	90	0	90	9	90.9090909090909	90.9090909090909	9	9.09090909090909	0	0	18	14.1732283464567	0	0	0	0	0	0	0	0	0	0	0	0	1	0.78740157480315	18	14.1732283464567	0	0	0	0	9	7.08661417322835	0	0	99	77.9527559055118	0	0	9	0	0	0	162	27.6923076923077	0	0	162	27.6923076923077	0	0	0	0	0	0	0	0	9	1.53846153846154	18	3.07692307692308	0	0	0	0	18	3.07692307692308	0	0	252	43.0769230769231	0	0	162	27.6923076923077	0	0	-1	20	3.07692307692308	6.839495465665	20	1	100	3	585	100	0	9999	1847.69696969697	3842.59820153964	399.96	1	100	7	99	100	0	20	12.6299212598425	7.36752092367094	20	1	100	9	127	100	1	18	4.60629921259843	4.40321550422115	2	19	0	7.26761183733569	99	99	118	127	127	127	127	127	127	77.9527559055118	77.9527559055118	92.9133858267717	100	100	100	100	100	100	28	28	9	0	0	0	0	0	0	0	0	22.0472440944882	22.0472440944882	7.08661417322835	0	0	0	0	0	0	0	0	18	90	90	99	99	99	99	99	99	18.1818181818182	90.9090909090909	90.9090909090909	100	100	100	100	100	100	90	9	9	0	0	0	0	0	0	0	0	90.9090909090909	9.09090909090909	9.09090909090909	0	0	0	0	0	0	0	0
cvrp_tight	24	37	0.648648648648649	12	64	0	53.3333333333333	25	56	120	13.5135135135135	20	0	20	4	83.3333333333333	83.3333333333333	4	16.6666666666667	0	0	8	21.6216216216216	0	0	0	0	0	0	0	0	0	0	0	0	1	2.7027027027027	8	21.6216216216216	0	0	0	0	4	10.8108108108108	0	0	24	64.8648648648649	0	0	4	0	0	0	32	26.6666666666667	0	0	32	26.6666666666667	0	0	0	0	0	0	0	0	4	3.33333333333333	8	6.66666666666667	0	0	0	0	8	6.66666666666667	0	0	52	43.3333333333333	0	0	32	26.6666666666667	0	0	-1	10	1.66666666666667	3.37967782816975	10	1	100	3	120	100	0	30	16.6666666666667	8.74007373475126	2	1	100	5	24	100	0	10	4.21621621621622	3.05034455417687	10	1	100	9	37	100	1	8	3.24324324324324	1.96462506436608	2	9	0	5.41602560309064	33	37	37	37	37	37	37	37	37	89.1891891891892	100	100	100	100	100	100	100	100	13	4	0	0	0	0	0	0	0	0	0	35.1351351351351	10.8108108108108	0	0	0	0	0	0	0	0	0	8	20	24	24	24	24	24	24	24	33.3333333333333	83.3333333333333	100	100	100	100	100	100	100	20	4	0	0	0	0	0	0	0	0	0	83.3333333333333	16.6666666666667	0	0	0	0	0	0	0	0	0
jssp_ft06	127	216	0.587962962962963	0	0	0	0	216	612	612	2.23097112860892	90	0	90	37	70.8661417322835	70.8661417322835	37	29.1338582677165	0	0	0	0	0	0	0	0	0	0	0	0	0	0	0	0	0	0	0	0	0	0	0	0	0	0	0	0	216	100	0	0	0	0	0	0	0	0	0	0	0	0	0	0	0	0	0	0	0	0	0	0	0	0	0	0	0	0	0	0	0	0	612	100	0	0	0	0	0	0	-197	197	0	106.841553934126	197	1	100	4	612	100	0	1	0.0078740157480315	0.0883856075615892	1	1	100	2	127	100	-196	10	-76.6111111111111	97.374594881802	196	1	100	17	216	100	2	3	2.83333333333333	0.372677996249965	2	12	0	6.5460212114526	216	216	216	216	216	216	216	216	216	100	100	100	100	100	100	100	100	100	0	0	0	0	0	0	0	0	0	0	0	0	0	0	0	0	0	0	0	0	0	0	90	91	127	127	127	127	127	127	127	70.8661417322835	71.6535433070866	100	100	100	100	100	100	100	37	36	0	0	0	0	0	0	0	0	0	29.1338582677165	28.3464566929134	0	0	0	0	0	0	0	0	0
jssp_ft10	551	1000	0.551	0	0	0	0	1000	2900	2900	0.526315789473684	450	0	450	101	81.6696914700544	81.6696914700544	101	18.3303085299456	0	0	0	0	0	0	0	0	0	0	0	0	0	0	0	0	0	0	0	0	0	0	0	0	0	0	0	0	1000	100	0	0	0	0	0	0	0	0	0	0	0	0	0	0	0	0	0	0	0	0	0	0	0	0	0	0	0	0	0	0	0	0	2900	100	0	0	0	0	0	0	-5109	5109	0	2846.15256939537	5109	1	100	4	2900	100	0	1	0.00181488203266788	0.0425627564412289	1	1	100	2	551	100	-5107	99	-2247.96	2540.67935292905	2553.5	1	100	113	1000	100	2	3	2.9	0.3	2	20	0	8.67961710999071	1000	1000	1000	1000	1000	1000	1000	1000	1000	100	100	100	100	100	100	100	100	100	0	0	0	0	0	0	0	0	0	0	0	0	0	0	0	0	0	0	0	0	0	0	450	450	451	551	551	551	551	551	551	81.6696914700544	81.6696914700544	81.8511796733212	100	100	100	100	100	100	101	101	100	0	0	0	0	0	0	0	0	18.3303085299456	18.3303085299456	18.1488203266788	0	0	0	0	0	0	0	0
jssp_la01	276	500	0.552	0	0	0	0	500	1450	1450	1.05072463768116	225	0	225	51	81.5217391304348	81.5217391304348	51	18.4782608695652	0	0	0	0	0	0	0	0	0	0	0	0	0	0	0	0	0	0	0	0	0	0	0	0	0	0	0	0	500	100	0	0	0	0	0	0	0	0	0	0	0	0	0	0	0	0	0	0	0	0	0	0	0	0	0	0	0	0	0	0	0	0	1450	100	0	0	0	0	0	0	-2849	2849	0	1587.13827266301	2849	1	100	4	1450	100	0	1	0.0036231884057971	0.0600837824339746	1	1	100	2	276	100	-2837	98	-1225.07	1414.11222365836	236.416666666667	1	100	74	500	100	2	3	2.9	0.3	2	20	0	8.64140689028576	500	500	500	500	500	500	500	500	500	100	100	100	100	100	100	100	100	100	0	0	0	0	0	0	0	0	0	0	0	0	0	0	0	0	0	0	0	0	0	0	225	225	226	276	276	276	276	276	276	81.5217391304348	81.5217391304348	81.8840579710145	100	100	100	100	100	100	51	51	50	0	0	0	0	0	0	0	0	18.4782608695652	18.4782608695652	18.1159420289855	0	0	0	0	0	0	0	0
jssp_la06	601	1125	0.534222222222222	0	0	0	0	1125	3300	3300	0.488075429839157	525	0	525	76	87.3544093178037	87.3544093178037	76	12.6455906821963	0	0	0	0	0	0	0	0	0	0	0	0	0	0	0	0	0	0	0	0	0	0	0	0	0	0	0	0	1125	100	0	0	0	0	0	0	0	0	0	0	0	0	0	0	0	0	0	0	0	0	0	0	0	0	0	0	0	0	0	0	0	0	3300	100	0	0	0	0	0	0	-3992	3992	0	2251.79184206711	3992	1	100	4	3300	100	0	1	0.00166389351081531	0.0407569008782559	1	1	100	2	601	100	-3985	98	-1809.70666666667	1992.79222604309	569.285714285714	1	100	101	1125	100	2	3	2.93333333333333	0.249443825784929	2	30	0	10.7102202888459	1125	1125	1125	1125	1125	1125	1125	1125	1125	100	100	100	100	100	100	100	100	100	0	0	0	0	0	0	0	0	0	0	0	0	0	0	0	0	0	0	0	0	0	0	525	525	526	601	601	601	601	601	601	87.3544093178037	87.3544093178037	87.5207986688852	100	100	100	100	100	100	76	76	75	0	0	0	0	0	0	0	0	12.6455906821963	12.6455906821963	12.4792013311148	0	0	0	0	0	0	0	0
jssp_la11	1051	2000	0.5255	0	0	0	0	2000	5900	5900	0.280685061845861	950	0	950	101	90.3901046622265	90.3901046622265	101	9.60989533777355	0	0	0	0	0	0	0	0	0	0	0	0	0	0	0	0	0	0	0	0	0	0	0	0	0	0	0	0	2000	100	0	0	0	0	0	0	0	0	0	0	0	0	0	0	0	0	0	0	0	0	0	0	0	0	0	0	0	0	0	0	0	0	5900	100	0	0	0	0	0	0	-5351	5351	0	3036.58723190182	5351	1	100	4	5900	100	0	1	0.000951474785918173	0.0308313068430441	1	1	100	2	1051	100	-5344	98	-2488.215	2672.18486931107	763.428571428571	1	100	121	2000	100	2	3	2.95	0.217944947177034	2	40	0	12.4390043687593	2000	2000	2000	2000	2000	2000	2000	2000	2000	100	100	100	100	100	100	100	100	100	0	0	0	0	0	0	0	0	0	0	0	0	0	0	0	0	0	0	0	0	0	0	950	950	950	951	1051	1051	1051	1051	1051	90.3901046622265	90.3901046622265	90.3901046622265	90.4852521408183	100	100	100	100	100	101	101	101	100	0	0	0	0	0	0	0	9.60989533777355	9.60989533777355	9.60989533777355	9.51474785918173	0	0	0	0	0	0	0
jssp_orb01	551	1000	0.551	0	0	0	0	1000	2900	2900	0.526315789473684	450	0	450	101	81.6696914700544	81.6696914700544	101	18.3303085299456	0	0	0	0	0	0	0	0	0	0	0	0	0	0	0	0	0	0	0	0	0	0	0	0	0	0	0	0	1000	100	0	0	0	0	0	0	0	0	0	0	0	0	0	0	0	0	0	0	0	0	0	0	0	0	0	0	0	0	0	0	0	0	2900	100	0	0	0	0	0	0	-5409	5409	0	3013.27836703504	5409	1	100	4	2900	100	0	1	0.00181488203266788	0.0425627564412289	1	1	100	2	551	100	-5404	99	-2379.96	2690.49287276514	1080.8	1	100	128	1000	100	2	3	2.9	0.3	2	20	0	8.67961710999071	1000	1000	1000	1000	1000	1000	1000	1000	1000	100	100	100	100	100	100	100	100	100	0	0	0	0	0	0	0	0	0	0	0	0	0	0	0	0	0	0	0	0	0	0	450	450	451	551	551	551	551	551	551	81.6696914700544	81.6696914700544	81.8511796733212	100	100	100	100	100	100	101	101	100	0	0	0	0	0	0	0	0	18.3303085299456	18.3303085299456	18.1488203266788	0	0	0	0	0	0	0	0
